{"train_losses": [6.584283715294253, 5.896837455611075, 5.455522158453541, 5.219167174831513, 5.063283320396177, 4.950946419469772, 4.863927012489688, 4.791492200666858, 4.730854820820593, 4.678548299497174, 4.635388255119324, 4.591558896726178, 4.55401788796148, 4.518055604350183, 4.487378010826726, 4.456656861689783, 4.4312863696006035, 4.406561359282462, 4.381707708681783, 4.3603345213397855, 4.339229533749242, 4.319178313978257, 4.238909342596608, 4.217586905725541, 4.2050735258287, 4.193649313142223, 4.183510547684085, 4.139473767049851, 4.129739328738181, 4.123350836576954], "val_losses": [6.185439179020543, 5.634126301734678, 5.304195703998689, 5.139214823322911, 5.022524856751965, 4.949452146407096, 4.883075514147358, 4.840413839586319, 4.805859235025221, 4.785839026974093, 4.761751720982213, 4.7509324473719445, 4.73261002571352, 4.717524390066823, 4.710218598765712, 4.708340721745645, 4.699174411835209, 4.688927173614502, 4.686985684979346, 4.685751645795761, 4.686359882354736, 4.694114015948388, 4.647782687217958, 4.643091432509884, 4.642560674298194, 4.643048378729051, 4.642418792170863, 4.627987192523095, 4.628120768454767, 4.62812222972993]}