{"train_losses": [6.3529339413489065, 5.399306568407243, 5.081272213689743, 4.900793067870602, 4.771421105630936, 4.673401780666843, 4.591008820841389, 4.521507461224833, 4.463457917013476, 4.411445467702804, 4.365823645745555, 4.324177517044928, 4.292928941788212, 4.25107059555669, 4.218939419715635, 4.193494602557151, 4.097618461616578, 4.073347655034834, 4.057091711990295, 4.007859261766557, 3.995609491102157, 3.987851189028832, 3.961671664830177, 3.9557576842846407, 3.9513478471386816, 3.938133059009429], "val_losses": [5.657066868197534, 5.208277679258777, 5.023779161514774, 4.903773261654761, 4.837857769381616, 4.7858907407329925, 4.7525427264551965, 4.726934940584244, 4.7036455600492415, 4.69594475530809, 4.683779793400919, 4.67925363971341, 4.676513818002516, 4.673410815577353, 4.675065717389507, 4.675073369856803, 4.645136294826385, 4.647925892183857, 4.650244543629308, 4.635558951285578, 4.637811460802632, 4.638389810439079, 4.633330491281325, 4.634085055320494, 4.634995022127705, 4.633652325599424]}