{"train_losses": [6.222971481747098, 5.28109521384191, 4.99005504569622, 4.813965490129259, 4.6864571889241535, 4.586510129408403, 4.504232736067339, 4.434331607818604, 4.374067035829178, 4.322770384586218, 4.2743990455010925, 4.2307543234391645, 4.1930044386121965, 4.156986818409929, 4.122785975234677, 4.091833788457543, 3.9724638702893498, 3.9328798746821856, 3.9075325248217343, 3.836295743422075], "val_losses": [5.452338234070809, 5.040746561942562, 4.8518396846709715, 4.741668097434506, 4.666178376443924, 4.610603417119672, 4.564082499473326, 4.53642495601408, 4.520169654200154, 4.503975599042831, 4.487034474649737, 4.480138074967169, 4.469802756463328, 4.458556663605474, 4.4598121873794065, 4.459756582014022, 4.426975665553924, 4.4286036222211775, 4.435572828015974, 4.430373434097536]}